{"EditorX":2589.1820730628347,"EditorY":-535.3517695459215,"EditorZ":1.0000000000000007,"Nodes":[{"NodeID":753,"X":3879.5,"Y":-310.75000000000045,"ShowUnusedSockets":true},{"NodeID":1817,"X":-4081.5,"Y":-602.75,"ShowUnusedSockets":true},{"NodeID":2145,"X":-3599.5,"Y":-423.75,"ShowUnusedSockets":true},{"NodeID":2681,"X":-2076.0,"Y":-805.25,"ShowUnusedSockets":true},{"NodeID":2684,"X":-2858.5,"Y":-453.75,"ShowUnusedSockets":true},{"NodeID":2692,"X":-1321.5,"Y":317.25,"ShowUnusedSockets":true},{"NodeID":2704,"X":-2078.5,"Y":-71.25,"ShowUnusedSockets":true},{"NodeID":2706,"X":-972.5,"Y":332.2499999999998,"ShowUnusedSockets":true},{"NodeID":2707,"X":-2079.5,"Y":138.75,"ShowUnusedSockets":true},{"NodeID":2708,"X":-1341.5,"Y":92.25,"ShowUnusedSockets":true},{"NodeID":2712,"X":-2087.5,"Y":-281.25,"ShowUnusedSockets":true},{"NodeID":2715,"X":-2079.5,"Y":-461.25000000000006,"ShowUnusedSockets":true},{"NodeID":2719,"X":-1278.0,"Y":-459.7500000000001,"ShowUnusedSockets":true},{"NodeID":2726,"X":-287.5,"Y":-461.25000000000017,"ShowUnusedSockets":true},{"NodeID":2727,"X":-603.5,"Y":-491.2500000000001,"ShowUnusedSockets":true},{"NodeID":2728,"X":-934.5,"Y":-461.2500000000001,"ShowUnusedSockets":true},{"NodeID":2729,"X":70.5,"Y":-461.25000000000017,"ShowUnusedSockets":true},{"NodeID":2734,"X":441.0,"Y":-672.2500000000002,"ShowUnusedSockets":true},{"NodeID":2736,"X":435.5,"Y":-462.2500000000002,"ShowUnusedSockets":true},{"NodeID":2738,"X":5.5,"Y":-281.2500000000002,"ShowUnusedSockets":true},{"NodeID":2740,"X":794.0,"Y":-350.2500000000002,"ShowUnusedSockets":true},{"NodeID":2741,"X":1792.5,"Y":-335.2500000000002,"ShowUnusedSockets":true},{"NodeID":2742,"X":1156.0,"Y":-350.2500000000002,"ShowUnusedSockets":true},{"NodeID":2744,"X":1499.5,"Y":-327.7500000000002,"ShowUnusedSockets":true},{"NodeID":2745,"X":2964.5,"Y":-372.75000000000034,"ShowUnusedSockets":true},{"NodeID":2750,"X":446.5,"Y":-28.250000000000227,"ShowUnusedSockets":true},{"NodeID":2752,"X":822.0,"Y":69.24999999999977,"ShowUnusedSockets":true},{"NodeID":2756,"X":757.5,"Y":-140.25000000000023,"ShowUnusedSockets":true},{"NodeID":2757,"X":1128.5,"Y":52.74999999999977,"ShowUnusedSockets":true},{"NodeID":2767,"X":-1771.5,"Y":-365.2500000000001,"ShowUnusedSockets":true},{"NodeID":2775,"X":-3258.5,"Y":-678.25,"ShowUnusedSockets":true},{"NodeID":2811,"X":-1703.0,"Y":564.25,"ShowUnusedSockets":true},{"NodeID":2824,"X":-2834.5,"Y":-887.75,"ShowUnusedSockets":true},{"NodeID":2853,"X":3586.5,"Y":-342.75000000000034,"ShowUnusedSockets":true},{"NodeID":2965,"X":450.0,"Y":-252.75000000000023,"ShowUnusedSockets":true},{"NodeID":2988,"X":-2834.5,"Y":-633.25,"ShowUnusedSockets":true},{"NodeID":2990,"X":-2449.0,"Y":-633.25,"ShowUnusedSockets":true},{"NodeID":2994,"X":2378.5,"Y":-335.25000000000034,"ShowUnusedSockets":true},{"NodeID":2996,"X":2085.5,"Y":-335.25000000000034,"ShowUnusedSockets":true},{"NodeID":3063,"X":3293.5,"Y":-350.25000000000034,"ShowUnusedSockets":true},{"NodeID":3100,"X":-2076.0,"Y":-625.75,"ShowUnusedSockets":true},{"NodeID":3103,"X":1499.5,"Y":-162.75000000000023,"ShowUnusedSockets":true},{"NodeID":3105,"X":-3205.0,"Y":-408.75,"ShowUnusedSockets":true},{"NodeID":3107,"X":-2850.5,"Y":-199.25,"ShowUnusedSockets":true},{"NodeID":3108,"X":-1703.0,"Y":788.75,"ShowUnusedSockets":true},{"NodeID":3111,"X":-3568.0,"Y":-663.25,"ShowUnusedSockets":true},{"NodeID":3680,"X":-2517.5,"Y":-432.25,"ShowUnusedSockets":true},{"NodeID":3681,"X":-2068.5,"Y":571.75,"ShowUnusedSockets":true},{"NodeID":3682,"X":-1703.0,"Y":324.75,"ShowUnusedSockets":true},{"NodeID":3683,"X":-1703.0,"Y":84.75,"ShowUnusedSockets":true},{"NodeID":3684,"X":2671.5,"Y":-365.25000000000034,"ShowUnusedSockets":true},{"NodeID":3685,"X":-3892.5,"Y":-640.75,"ShowUnusedSockets":true}]}