{"EditorX":766.9730789008187,"EditorY":-281.3469525901963,"EditorZ":1.1216189815085496,"Nodes":[{"NodeID":1,"X":-1582.0,"Y":-146.49999999999983,"ShowUnusedSockets":true},{"NodeID":2,"X":1401.0,"Y":102.5,"ShowUnusedSockets":true},{"NodeID":4,"X":-1404.0,"Y":-184.49999999999986,"ShowUnusedSockets":true},{"NodeID":92,"X":-1111.0,"Y":-206.99999999999986,"ShowUnusedSockets":true},{"NodeID":94,"X":-1111.0,"Y":32.500000000000114,"ShowUnusedSockets":true},{"NodeID":96,"X":61.0,"Y":-184.49999999999994,"ShowUnusedSockets":true},{"NodeID":97,"X":783.0,"Y":40.5,"ShowUnusedSockets":true},{"NodeID":99,"X":-525.0,"Y":-176.99999999999991,"ShowUnusedSockets":true},{"NodeID":100,"X":783.0,"Y":-214.5,"ShowUnusedSockets":true},{"NodeID":101,"X":1076.0,"Y":-192.0,"ShowUnusedSockets":true},{"NodeID":102,"X":505.0,"Y":-191.99999999999997,"ShowUnusedSockets":true},{"NodeID":103,"X":-818.0,"Y":-176.9999999999999,"ShowUnusedSockets":true},{"NodeID":104,"X":-232.0,"Y":-176.99999999999991,"ShowUnusedSockets":true},{"NodeID":304,"X":1092.0,"Y":78.0,"ShowUnusedSockets":true}]}