{"EditorX":-3250.0,"EditorY":-992.5,"EditorZ":0.1,"Nodes":[{"NodeID":1,"X":-750.0,"Y":-2351.499999999999,"ShowUnusedSockets":true},{"NodeID":2,"X":10718.5,"Y":-3480.5,"ShowUnusedSockets":true},{"NodeID":6,"X":3480.5,"Y":-3814.9999999999995,"ShowUnusedSockets":true},{"NodeID":76,"X":7841.0,"Y":-3583.0,"ShowUnusedSockets":true},{"NodeID":80,"X":8338.0,"Y":-3600.0,"ShowUnusedSockets":true},{"NodeID":98,"X":-10953.0,"Y":3147.500000000002,"ShowUnusedSockets":true},{"NodeID":99,"X":-9300.0,"Y":4243.500000000002,"ShowUnusedSockets":true},{"NodeID":104,"X":-7011.0,"Y":3931.000000000002,"ShowUnusedSockets":true},{"NodeID":109,"X":-5735.0,"Y":4051.500000000002,"ShowUnusedSockets":true},{"NodeID":119,"X":-4631.0,"Y":3726.500000000002,"ShowUnusedSockets":true},{"NodeID":120,"X":480.5,"Y":3543.500000000001,"ShowUnusedSockets":true},{"NodeID":125,"X":-3509.0,"Y":3296.500000000001,"ShowUnusedSockets":true},{"NodeID":126,"X":-10719.0,"Y":3213.000000000001,"ShowUnusedSockets":true},{"NodeID":265,"X":-4574.0,"Y":1925.500000000001,"ShowUnusedSockets":true},{"NodeID":267,"X":442.5,"Y":-439.4999999999991,"ShowUnusedSockets":true},{"NodeID":299,"X":6875.0,"Y":-3879.0,"ShowUnusedSockets":true},{"NodeID":337,"X":9362.0,"Y":-3303.0,"ShowUnusedSockets":true},{"NodeID":340,"X":9392.0,"Y":-3883.5,"ShowUnusedSockets":true},{"NodeID":349,"X":9900.0,"Y":-3155.0,"ShowUnusedSockets":true},{"NodeID":354,"X":-4206.0,"Y":1698.500000000001,"ShowUnusedSockets":true},{"NodeID":408,"X":-8577.0,"Y":4228.500000000002,"ShowUnusedSockets":true},{"NodeID":409,"X":-5051.0,"Y":3837.000000000002,"ShowUnusedSockets":true},{"NodeID":412,"X":-795.0,"Y":3311.500000000001,"ShowUnusedSockets":true},{"NodeID":475,"X":-1371.0,"Y":3605.5,"ShowUnusedSockets":true},{"NodeID":476,"X":-2334.5,"Y":3212.500000000001,"ShowUnusedSockets":true},{"NodeID":494,"X":-5344.0,"Y":4060.500000000002,"ShowUnusedSockets":true},{"NodeID":506,"X":3433.0,"Y":-2341.4999999999995,"ShowUnusedSockets":true},{"NodeID":512,"X":4552.5,"Y":-3362.4999999999995,"ShowUnusedSockets":true},{"NodeID":513,"X":5050.0,"Y":-3571.9999999999995,"ShowUnusedSockets":true},{"NodeID":633,"X":-4004.0,"Y":3334.500000000001,"ShowUnusedSockets":true},{"NodeID":639,"X":-1775.5,"Y":3674.0,"ShowUnusedSockets":true},{"NodeID":684,"X":-7597.0,"Y":3947.500000000002,"ShowUnusedSockets":true},{"NodeID":718,"X":4020.0,"Y":-3541.9999999999995,"ShowUnusedSockets":true},{"NodeID":720,"X":4556.5,"Y":-4102.5,"ShowUnusedSockets":true},{"NodeID":792,"X":-9691.0,"Y":4203.000000000002,"ShowUnusedSockets":true},{"NodeID":852,"X":-7304.0,"Y":4057.000000000002,"ShowUnusedSockets":true},{"NodeID":957,"X":-3497.5,"Y":339.0000000000009,"ShowUnusedSockets":true},{"NodeID":962,"X":-3094.0,"Y":174.0000000000009,"ShowUnusedSockets":true},{"NodeID":965,"X":10002.0,"Y":-3630.5,"ShowUnusedSockets":true},{"NodeID":993,"X":-191.5,"Y":-3279.999999999999,"ShowUnusedSockets":true},{"NodeID":1006,"X":5892.0,"Y":-3877.9999999999995,"ShowUnusedSockets":true},{"NodeID":1011,"X":5087.5,"Y":-3799.9999999999995,"ShowUnusedSockets":true},{"NodeID":1033,"X":3957.0,"Y":-1577.4999999999995,"ShowUnusedSockets":true},{"NodeID":1043,"X":3484.0,"Y":-4393.999999999999,"ShowUnusedSockets":true},{"NodeID":1067,"X":2745.0,"Y":-3018.4999999999995,"ShowUnusedSockets":true},{"NodeID":1076,"X":3929.0,"Y":-4394.0,"ShowUnusedSockets":true},{"NodeID":1082,"X":4507.5,"Y":-3877.9999999999995,"ShowUnusedSockets":true},{"NodeID":1083,"X":3929.0,"Y":-3877.9999999999995,"ShowUnusedSockets":true},{"NodeID":1087,"X":6387.0,"Y":-3878.0,"ShowUnusedSockets":true},{"NodeID":1093,"X":7353.0,"Y":-3583.0,"ShowUnusedSockets":true},{"NodeID":1096,"X":4460.0,"Y":-4354.0,"ShowUnusedSockets":true},{"NodeID":1104,"X":-3458.5,"Y":3117.000000000001,"ShowUnusedSockets":true},{"NodeID":1105,"X":449.5,"Y":3079.500000000001,"ShowUnusedSockets":true},{"NodeID":1121,"X":-10277.0,"Y":4281.000000000002,"ShowUnusedSockets":true},{"NodeID":1125,"X":5521.0,"Y":-3822.4999999999995,"ShowUnusedSockets":true},{"NodeID":1145,"X":421.0,"Y":1370.500000000001,"ShowUnusedSockets":true},{"NodeID":1146,"X":437.5,"Y":1625.500000000001,"ShowUnusedSockets":true},{"NodeID":1186,"X":4001.0,"Y":-4057.9999999999995,"ShowUnusedSockets":true},{"NodeID":1189,"X":8915.5,"Y":-3409.0,"ShowUnusedSockets":true},{"NodeID":1193,"X":449.5,"Y":3674.0,"ShowUnusedSockets":true},{"NodeID":1195,"X":2452.0,"Y":-2963.9999999999995,"ShowUnusedSockets":true},{"NodeID":1209,"X":6542.0,"Y":-3542.5,"ShowUnusedSockets":true},{"NodeID":1220,"X":4580.0,"Y":-1577.4999999999995,"ShowUnusedSockets":true},{"NodeID":1229,"X":9973.5,"Y":-3409.5,"ShowUnusedSockets":true},{"NodeID":1239,"X":421.0,"Y":-4601.499999999999,"ShowUnusedSockets":true},{"NodeID":1240,"X":437.5,"Y":-4091.499999999999,"ShowUnusedSockets":true},{"NodeID":1245,"X":449.5,"Y":-2251.9999999999995,"ShowUnusedSockets":true},{"NodeID":1326,"X":421.0,"Y":2599.500000000001,"ShowUnusedSockets":true},{"NodeID":1362,"X":10690.0,"Y":-3599.5,"ShowUnusedSockets":true},{"NodeID":1393,"X":433.5,"Y":1880.000000000001,"ShowUnusedSockets":true},{"NodeID":1398,"X":8827.0,"Y":-3110.5,"ShowUnusedSockets":true},{"NodeID":1400,"X":386.0,"Y":1161.000000000001,"ShowUnusedSockets":true},{"NodeID":1402,"X":-1379.0,"Y":-2026.499999999999,"ShowUnusedSockets":true},{"NodeID":1406,"X":407.0,"Y":-2042.4999999999995,"ShowUnusedSockets":true},{"NodeID":1426,"X":-1879.0,"Y":-2020.999999999999,"ShowUnusedSockets":true},{"NodeID":1427,"X":-2406.0,"Y":-2020.999999999999,"ShowUnusedSockets":true},{"NodeID":1436,"X":5470.0,"Y":-4110.0,"ShowUnusedSockets":true},{"NodeID":1437,"X":5478.5,"Y":-3130.4999999999995,"ShowUnusedSockets":true},{"NodeID":1438,"X":4543.0,"Y":-3137.9999999999995,"ShowUnusedSockets":true},{"NodeID":1446,"X":5113.5,"Y":-4080.0,"ShowUnusedSockets":true},{"NodeID":1452,"X":5113.5,"Y":-3107.9999999999995,"ShowUnusedSockets":true},{"NodeID":1456,"X":4019.5,"Y":-2342.4999999999995,"ShowUnusedSockets":true},{"NodeID":1458,"X":3553.0,"Y":-2853.4999999999995,"ShowUnusedSockets":true},{"NodeID":1460,"X":4019.5,"Y":-2852.4999999999995,"ShowUnusedSockets":true},{"NodeID":1461,"X":4019.5,"Y":-1832.4999999999995,"ShowUnusedSockets":true},{"NodeID":1462,"X":4019.5,"Y":-2087.4999999999995,"ShowUnusedSockets":true},{"NodeID":1467,"X":4019.5,"Y":-3107.4999999999995,"ShowUnusedSockets":true},{"NodeID":1469,"X":4019.5,"Y":-2597.4999999999995,"ShowUnusedSockets":true},{"NodeID":1470,"X":4019.5,"Y":-3362.4999999999995,"ShowUnusedSockets":true},{"NodeID":1486,"X":-786.0,"Y":2843.500000000001,"ShowUnusedSockets":true},{"NodeID":1487,"X":-1325.0,"Y":2969.000000000001,"ShowUnusedSockets":true},{"NodeID":1491,"X":-95.0,"Y":2851.000000000001,"ShowUnusedSockets":true},{"NodeID":1492,"X":440.5,"Y":2854.500000000001,"ShowUnusedSockets":true},{"NodeID":1499,"X":-4004.0,"Y":3079.500000000001,"ShowUnusedSockets":true},{"NodeID":1500,"X":-4539.5,"Y":3132.000000000001,"ShowUnusedSockets":true},{"NodeID":1558,"X":-6951.5,"Y":4170.500000000002,"ShowUnusedSockets":true},{"NodeID":1559,"X":-6581.0,"Y":4075.500000000002,"ShowUnusedSockets":true},{"NodeID":1560,"X":-6339.0,"Y":4066.500000000002,"ShowUnusedSockets":true},{"NodeID":1566,"X":-6028.0,"Y":4060.500000000002,"ShowUnusedSockets":true},{"NodeID":1577,"X":-2871.0,"Y":3118.500000000001,"ShowUnusedSockets":true},{"NodeID":1603,"X":8762.0,"Y":-3719.0,"ShowUnusedSockets":true},{"NodeID":1634,"X":-3067.0,"Y":-3102.999999999999,"ShowUnusedSockets":true},{"NodeID":1733,"X":-8519.0,"Y":4033.500000000002,"ShowUnusedSockets":true},{"NodeID":1734,"X":-8150.0,"Y":4042.500000000002,"ShowUnusedSockets":true},{"NodeID":1740,"X":-7908.0,"Y":4033.500000000002,"ShowUnusedSockets":true},{"NodeID":1757,"X":-9984.0,"Y":4267.500000000002,"ShowUnusedSockets":true},{"NodeID":1766,"X":449.5,"Y":4267.5,"ShowUnusedSockets":true},{"NodeID":1772,"X":449.5,"Y":4060.5,"ShowUnusedSockets":true},{"NodeID":1774,"X":449.5,"Y":3853.5,"ShowUnusedSockets":true},{"NodeID":1786,"X":-8870.0,"Y":4185.000000000002,"ShowUnusedSockets":true},{"NodeID":1838,"X":-95.0,"Y":-537.9999999999991,"ShowUnusedSockets":true},{"NodeID":1859,"X":-95.0,"Y":3445.000000000001,"ShowUnusedSockets":true},{"NodeID":1865,"X":9471.0,"Y":-3527.5,"ShowUnusedSockets":true},{"NodeID":1867,"X":10422.5,"Y":-3503.5,"ShowUnusedSockets":true},{"NodeID":1879,"X":449.5,"Y":-1608.4999999999995,"ShowUnusedSockets":true},{"NodeID":1882,"X":449.5,"Y":-648.9999999999995,"ShowUnusedSockets":true},{"NodeID":1887,"X":2509.5,"Y":-2784.4999999999995,"ShowUnusedSockets":true},{"NodeID":1890,"X":4571.0,"Y":-3541.9999999999995,"ShowUnusedSockets":true},{"NodeID":1899,"X":3506.0,"Y":-2086.4999999999995,"ShowUnusedSockets":true},{"NodeID":1902,"X":7422.0,"Y":-3837.5,"ShowUnusedSockets":true},{"NodeID":1905,"X":9973.5,"Y":-3885.5,"ShowUnusedSockets":true},{"NodeID":1909,"X":421.0,"Y":-4346.499999999999,"ShowUnusedSockets":true},{"NodeID":1914,"X":437.5,"Y":906.5000000000009,"ShowUnusedSockets":true},{"NodeID":1915,"X":437.5,"Y":396.5000000000009,"ShowUnusedSockets":true},{"NodeID":1917,"X":-185.0,"Y":-2190.499999999999,"ShowUnusedSockets":true},{"NodeID":1919,"X":421.0,"Y":-2506.4999999999995,"ShowUnusedSockets":true},{"NodeID":1929,"X":-2337.0,"Y":-2335.499999999999,"ShowUnusedSockets":true},{"NodeID":1942,"X":9986.0,"Y":-2819.0,"ShowUnusedSockets":true},{"NodeID":1945,"X":-10660.5,"Y":3513.000000000002,"ShowUnusedSockets":true},{"NodeID":1947,"X":433.5,"Y":3334.000000000001,"ShowUnusedSockets":true},{"NodeID":1952,"X":1397.0,"Y":-3237.499999999999,"ShowUnusedSockets":true},{"NodeID":1955,"X":2102.0,"Y":-3218.4999999999995,"ShowUnusedSockets":true},{"NodeID":1961,"X":806.0,"Y":-3203.499999999999,"ShowUnusedSockets":true},{"NodeID":1962,"X":1099.0,"Y":-3210.999999999999,"ShowUnusedSockets":true},{"NodeID":1967,"X":480.0,"Y":-3581.499999999999,"ShowUnusedSockets":true},{"NodeID":1982,"X":2130.5,"Y":-2963.9999999999995,"ShowUnusedSockets":true},{"NodeID":1985,"X":433.5,"Y":-3195.999999999999,"ShowUnusedSockets":true},{"NodeID":1988,"X":2926.5,"Y":-4330.999999999999,"ShowUnusedSockets":true},{"NodeID":2014,"X":-978.0,"Y":-890.4999999999991,"ShowUnusedSockets":true},{"NodeID":2082,"X":449.5,"Y":-1158.4999999999995,"ShowUnusedSockets":true},{"NodeID":2088,"X":8973.0,"Y":-3229.5,"ShowUnusedSockets":true},{"NodeID":2106,"X":-283.0,"Y":-2746.499999999999,"ShowUnusedSockets":true},{"NodeID":2121,"X":3522.5,"Y":-2596.4999999999995,"ShowUnusedSockets":true},{"NodeID":2128,"X":421.0,"Y":-1413.4999999999995,"ShowUnusedSockets":true},{"NodeID":2135,"X":2102.0,"Y":-3473.4999999999995,"ShowUnusedSockets":true},{"NodeID":2155,"X":421.0,"Y":-3450.499999999999,"ShowUnusedSockets":true},{"NodeID":2156,"X":437.5,"Y":651.5000000000009,"ShowUnusedSockets":true},{"NodeID":2157,"X":421.0,"Y":2344.500000000001,"ShowUnusedSockets":true},{"NodeID":2158,"X":437.5,"Y":2089.500000000001,"ShowUnusedSockets":true},{"NodeID":2159,"X":449.5,"Y":-2986.499999999999,"ShowUnusedSockets":true},{"NodeID":2160,"X":-95.0,"Y":-2381.999999999999,"ShowUnusedSockets":true},{"NodeID":2164,"X":4048.0,"Y":-4618.5,"ShowUnusedSockets":true},{"NodeID":2166,"X":3534.5,"Y":-4573.999999999999,"ShowUnusedSockets":true},{"NodeID":2170,"X":10397.0,"Y":-2631.5,"ShowUnusedSockets":true},{"NodeID":2172,"X":10002.0,"Y":-2609.0,"ShowUnusedSockets":true},{"NodeID":2176,"X":449.5,"Y":4474.5,"ShowUnusedSockets":true},{"NodeID":2178,"X":-10277.0,"Y":4497.000000000002,"ShowUnusedSockets":true},{"NodeID":2184,"X":421.0,"Y":-308.4999999999991,"ShowUnusedSockets":true},{"NodeID":2188,"X":437.5,"Y":-903.4999999999995,"ShowUnusedSockets":true},{"NodeID":2191,"X":449.5,"Y":-2761.499999999999,"ShowUnusedSockets":true},{"NodeID":2194,"X":449.5,"Y":-53.49999999999909,"ShowUnusedSockets":true},{"NodeID":2204,"X":-757.5,"Y":-2000.999999999999,"ShowUnusedSockets":true},{"NodeID":2207,"X":449.5,"Y":-1817.9999999999995,"ShowUnusedSockets":true},{"NodeID":2213,"X":449.5,"Y":201.5000000000009,"ShowUnusedSockets":true},{"NodeID":2215,"X":437.5,"Y":-3836.499999999999,"ShowUnusedSockets":true}]}