{"EditorX":-621.5170652753502,"EditorY":-336.6025703031728,"EditorZ":0.6299605249474372,"Nodes":[{"NodeID":1,"X":-971.71875,"Y":-216.24999999999991,"ShowUnusedSockets":false},{"NodeID":2,"X":-481.84375,"Y":-32.24999999999994,"ShowUnusedSockets":false},{"NodeID":3,"X":-494.34375,"Y":-233.24999999999994,"ShowUnusedSockets":false},{"NodeID":4,"X":129.53125,"Y":-270.75,"ShowUnusedSockets":false},{"NodeID":5,"X":-256.65625,"Y":-240.75,"ShowUnusedSockets":false},{"NodeID":6,"X":-791.53125,"Y":-270.7499999999999,"ShowUnusedSockets":false},{"NodeID":8,"X":9.03125,"Y":-42.74999999999997,"ShowUnusedSockets":false},{"NodeID":9,"X":-801.03125,"Y":-43.24999999999994,"ShowUnusedSockets":false},{"NodeID":10,"X":594.21875,"Y":-14.25,"ShowUnusedSockets":false},{"NodeID":11,"X":590.71875,"Y":168.75,"ShowUnusedSockets":false},{"NodeID":12,"X":608.71875,"Y":-197.25,"ShowUnusedSockets":false}]}