{"EditorX":1030.6129503567408,"EditorY":-402.894934784632,"EditorZ":1.0617571661617338,"Nodes":[{"NodeID":0,"X":-4261.0,"Y":-154.24999999999963,"ShowUnusedSockets":true},{"NodeID":44,"X":4052.0,"Y":-161.75000000000014,"ShowUnusedSockets":true},{"NodeID":222,"X":1876.0,"Y":-184.25,"ShowUnusedSockets":true},{"NodeID":223,"X":1352.0,"Y":-214.24999999999997,"ShowUnusedSockets":true},{"NodeID":224,"X":-713.0,"Y":-214.24999999999983,"ShowUnusedSockets":true},{"NodeID":225,"X":-950.0,"Y":-169.24999999999983,"ShowUnusedSockets":true},{"NodeID":227,"X":-482.0,"Y":-169.24999999999986,"ShowUnusedSockets":true},{"NodeID":228,"X":1121.0,"Y":-199.24999999999994,"ShowUnusedSockets":true},{"NodeID":229,"X":-245.0,"Y":-191.7499999999999,"ShowUnusedSockets":true},{"NodeID":253,"X":2155.0,"Y":-206.75000000000003,"ShowUnusedSockets":true},{"NodeID":255,"X":2471.0,"Y":-191.75000000000003,"ShowUnusedSockets":true},{"NodeID":256,"X":2789.0,"Y":-199.25000000000006,"ShowUnusedSockets":true},{"NodeID":257,"X":3020.0,"Y":-214.25000000000006,"ShowUnusedSockets":true},{"NodeID":258,"X":3306.0,"Y":-184.25000000000009,"ShowUnusedSockets":true},{"NodeID":260,"X":3537.0,"Y":-195.7500000000001,"ShowUnusedSockets":true},{"NodeID":261,"X":-2769.0,"Y":-184.24999999999972,"ShowUnusedSockets":true},{"NodeID":262,"X":-4030.0,"Y":-169.24999999999963,"ShowUnusedSockets":true},{"NodeID":263,"X":-3793.0,"Y":-214.24999999999966,"ShowUnusedSockets":true},{"NodeID":264,"X":-3562.0,"Y":-169.24999999999966,"ShowUnusedSockets":true},{"NodeID":265,"X":-3325.0,"Y":-191.7499999999997,"ShowUnusedSockets":true},{"NodeID":266,"X":-3000.0,"Y":-199.24999999999972,"ShowUnusedSockets":true},{"NodeID":268,"X":-2490.0,"Y":-169.24999999999974,"ShowUnusedSockets":true},{"NodeID":269,"X":-2253.0,"Y":-214.24999999999974,"ShowUnusedSockets":true},{"NodeID":270,"X":-2022.0,"Y":-169.24999999999977,"ShowUnusedSockets":true},{"NodeID":271,"X":-1785.0,"Y":-191.74999999999977,"ShowUnusedSockets":true},{"NodeID":272,"X":-1460.0,"Y":-199.2499999999998,"ShowUnusedSockets":true},{"NodeID":273,"X":-1229.0,"Y":-184.2499999999998,"ShowUnusedSockets":true},{"NodeID":276,"X":1639.0,"Y":-169.25,"ShowUnusedSockets":true},{"NodeID":278,"X":3816.0,"Y":-191.7500000000001,"ShowUnusedSockets":true},{"NodeID":282,"X":80.0,"Y":40.250000000000114,"ShowUnusedSockets":true},{"NodeID":283,"X":80.0,"Y":-199.2499999999999,"ShowUnusedSockets":true},{"NodeID":285,"X":328.0,"Y":-169.24999999999991,"ShowUnusedSockets":true},{"NodeID":286,"X":565.0,"Y":-184.24999999999991,"ShowUnusedSockets":true},{"NodeID":287,"X":884.0,"Y":-169.24999999999994,"ShowUnusedSockets":true}]}