{"EditorX":506.8217327588714,"EditorY":-243.3529007368624,"EditorZ":1.2599210498948743,"Nodes":[{"NodeID":1,"X":-1282.5,"Y":4.250000000000114,"ShowUnusedSockets":false},{"NodeID":2,"X":1173.5,"Y":162.75,"ShowUnusedSockets":false},{"NodeID":3,"X":904.5,"Y":-240.25,"ShowUnusedSockets":false},{"NodeID":4,"X":904.5,"Y":-12.25,"ShowUnusedSockets":false},{"NodeID":5,"X":-1161.5,"Y":-12.749999999999886,"ShowUnusedSockets":false},{"NodeID":6,"X":-866.5,"Y":-12.749999999999886,"ShowUnusedSockets":false},{"NodeID":7,"X":-606.5,"Y":-12.749999999999886,"ShowUnusedSockets":false},{"NodeID":8,"X":-309.5,"Y":-12.749999999999943,"ShowUnusedSockets":false},{"NodeID":12,"X":503.5,"Y":-165.75,"ShowUnusedSockets":false},{"NodeID":14,"X":469.5,"Y":-12.75,"ShowUnusedSockets":false},{"NodeID":9,"X":-72.5,"Y":-57.74999999999994,"ShowUnusedSockets":false},{"NodeID":10,"X":774.5,"Y":125.25,"ShowUnusedSockets":false},{"NodeID":11,"X":230.0,"Y":-257.25,"ShowUnusedSockets":false},{"NodeID":13,"X":195.5,"Y":-27.749999999999943,"ShowUnusedSockets":false},{"NodeID":15,"X":170.5,"Y":155.25000000000006,"ShowUnusedSockets":false},{"NodeID":16,"X":501.5,"Y":153.25,"ShowUnusedSockets":false}]}