{"archive":true,"raw":true,"resources":true,"archive\\mod":true,"archive\\mod\\audiowaredialogtest":true,"archive\\mod\\audiowaredialogtest\\journal":false,"archive\\mod\\audiowaredialogtest\\localization":true,"archive\\mod\\audiowaredialogtest\\localization\\en-us":true,"archive\\mod\\audiowaredialogtest\\localization\\en-us\\onscreens":true,"archive\\mod\\audiowaredialogtest\\quest":false,"archive\\mod\\audiowaredialogtest\\quest\\phases":true,"archive\\mod\\audiowaredialogtest\\quest\\scene":true,"resources\\r6":true,"archive\\mod\\mrbill61\\sectors\\pizzaparty_sectors":true,"archive\\mod\\mrbill61\\sectors\\pizzaparty_sectors\\sectors":true,"resources\\r6\\audioware":true,"resources\\r6\\audioware\\unoreverse":true,"resources\\r6\\audioware\\unoreverse\\vo":true,"resources\\r6\\audioware\\unoreverse\\vo\\panam":true,"resources\\r6\\audioware\\dialogtest":true,"archive\\mod\\audiowaredialogtest\\localization\\en-us\\lipsync":true,"resources\\r6\\audioware\\dialogtest\\en-us":true,"resources\\r6\\audioware\\dialogtest\\en-us\\vo":true,"archive\\mod\\audiowaredialogtest\\localization\\en-us\\vo":true,"archive\\mod\\audiowaredialogtest\\localization\\en-us\\subtitles":true,"archive\\mod\\audiowaredialogtest\\world\\sectors":true,"archive\\mod\\audiowaredialogtest\\world":true,"archive\\base\\localization\\en-us\\lipsync\\base\\quest\\main_quests":true,"archive\\base\\localization\\en-us\\lipsync\\base\\quest":true,"archive\\base\\localization\\en-us\\lipsync\\base":true,"archive\\base\\localization\\en-us\\lipsync":true,"archive\\base\\localization\\en-us\\lipsync\\base\\quest\\main_quests\\part1":true,"archive\\base\\localization\\en-us\\lipsync\\base\\quest\\main_quests\\part1\\q114":true,"archive\\base\\localization\\en-us\\lipsync\\base\\quest\\main_quests\\part1\\q114\\scenes":true,"archive\\base\\localization\\en-us\\lipsync\\base\\quest\\main_quests\\part1\\q114\\scenes\\q114_02_saul_sitrep":true,"archive\\base\\localization\\en-us\\lipsync\\base\\quest\\main_quests\\part1\\q114\\scenes\\q114_09_convoy":true,"raw\\base":true,"raw\\base\\localization":true,"raw\\base\\localization\\en-us":true,"raw\\base\\localization\\en-us\\vo":true,"resources\\r6\\scripts":true,"resources\\r6\\scripts\\audiowaredialogtest":true}